Year,Action Type,Details,Capital Cost (EUR),Operating Cost (EUR),Location X,Location Y,Generator Type,Power Output (MW),Efficiency,CO2 Output (tonnes),Operation Percentage,Lifespan (years),Previous State,Impact Description
2025,Add Generator,"GasCombinedCycle",1000000000.00,100000.00,0.0,0.0,"GasCombinedCycle",800.00,1.000,500.00,100,30,"New Installation","Added new GasCombinedCycle power generation capacity"
2025,Add Generator,"PumpedStorage",2000000000.00,40000.00,0.0,0.0,"PumpedStorage",600.00,1.000,0.00,100,80,"New Installation","Added new PumpedStorage power generation capacity"
2025,Add Generator,"DomesticSolar",10000.00,200.00,0.0,0.0,"DomesticSolar",10.00,1.000,0.00,100,20,"New Installation","Added new DomesticSolar power generation capacity"
2025,Add Generator,"HydroDam",3000000000.00,60000.00,0.0,0.0,"HydroDam",1200.00,1.000,0.00,100,100,"New Installation","Added new HydroDam power generation capacity"
2025,Add Generator,"OffshoreWind",2000000.00,100000.00,0.0,0.0,"OffshoreWind",800.00,1.000,0.00,100,25,"New Installation","Added new OffshoreWind power generation capacity"
2025,Add Generator,"GasCombinedCycle",1000000000.00,100000.00,0.0,0.0,"GasCombinedCycle",800.00,1.000,500.00,100,30,"New Installation","Added new GasCombinedCycle power generation capacity"
2026,Add Generator,"PumpedStorage",2020000000.00,40400.00,0.0,0.0,"PumpedStorage",600.00,1.000,0.00,100,80,"New Installation","Added new PumpedStorage power generation capacity"
2026,Add Generator,"BatteryStorage",450000000.00,9000000.00,0.0,0.0,"BatteryStorage",500.00,1.000,0.00,100,15,"New Installation","Added new BatteryStorage power generation capacity"
2027,Add Carbon Offset,"Forest",10000000.00,500000.00,0.0,0.0,"Carbon Offset",0.00,0.000,0.00,100,30,"New Offset","Added new Forest carbon offset project"
2028,Add Generator,"OnshoreWind",912673.00,45633.65,0.0,0.0,"OnshoreWind",500.00,1.000,0.00,100,25,"New Installation","Added new OnshoreWind power generation capacity"
2028,Add Carbon Offset,"Forest",10000000.00,500000.00,0.0,0.0,"Carbon Offset",0.00,0.000,0.00,100,30,"New Offset","Added new Forest carbon offset project"
2028,Add Generator,"HydroDam",3045225375.00,60904.51,0.0,0.0,"HydroDam",1200.00,1.000,0.00,100,100,"New Installation","Added new HydroDam power generation capacity"
2028,Add Generator,"OffshoreWind",1714750.00,85737.50,0.0,0.0,"OffshoreWind",800.00,1.000,0.00,100,25,"New Installation","Added new OffshoreWind power generation capacity"
2028,Add Generator,"TidalGenerator",1093500000.00,145800.00,0.0,0.0,"TidalGenerator",200.00,1.030,0.00,100,25,"New Installation","Added new TidalGenerator power generation capacity"
2028,Add Generator,"PumpedStorage",2060602000.00,41212.04,0.0,0.0,"PumpedStorage",600.00,1.000,0.00,100,80,"New Installation","Added new PumpedStorage power generation capacity"
2028,Add Generator,"UtilitySolar",778688.00,11680.32,0.0,0.0,"UtilitySolar",300.00,1.000,0.00,100,30,"New Installation","Added new UtilitySolar power generation capacity"
2028,Add Generator,"CoalPlant",2249728000.00,168729.60,0.0,0.0,"CoalPlant",1000.00,1.000,1000.00,100,40,"New Installation","Added new CoalPlant power generation capacity"
2028,Add Generator,"WaveEnergy",681472000.00,170368.00,0.0,0.0,"WaveEnergy",100.00,1.030,0.00,100,20,"New Installation","Added new WaveEnergy power generation capacity"
2028,Add Generator,"OnshoreWind",912673.00,45633.65,0.0,0.0,"OnshoreWind",500.00,1.000,0.00,100,25,"New Installation","Added new OnshoreWind power generation capacity"
2028,Add Generator,"TidalGenerator",1093500000.00,145800.00,0.0,0.0,"TidalGenerator",200.00,1.030,0.00,100,25,"New Installation","Added new TidalGenerator power generation capacity"
2028,Add Generator,"OnshoreWind",912673.00,45633.65,0.0,0.0,"OnshoreWind",500.00,1.000,0.00,100,25,"New Installation","Added new OnshoreWind power generation capacity"
2028,Add Generator,"TidalGenerator",1093500000.00,145800.00,0.0,0.0,"TidalGenerator",200.00,1.030,0.00,100,25,"New Installation","Added new TidalGenerator power generation capacity"
2028,Add Generator,"OnshoreWind",912673.00,45633.65,0.0,0.0,"OnshoreWind",500.00,1.000,0.00,100,25,"New Installation","Added new OnshoreWind power generation capacity"
2029,Add Generator,"Nuclear",5203020050.00,260151.00,0.0,0.0,"Nuclear",1500.00,1.000,0.00,100,60,"New Installation","Added new Nuclear power generation capacity"
2029,Add Generator,"UtilitySolar",716392.96,10745.89,0.0,0.0,"UtilitySolar",300.00,1.000,0.00,100,30,"New Installation","Added new UtilitySolar power generation capacity"
2029,Add Generator,"PumpedStorage",2081208020.00,41624.16,0.0,0.0,"PumpedStorage",600.00,1.000,0.00,100,80,"New Installation","Added new PumpedStorage power generation capacity"
2029,Add Generator,"CoalPlant",2339717120.00,175478.78,0.0,0.0,"CoalPlant",1000.00,1.000,1000.00,100,40,"New Installation","Added new CoalPlant power generation capacity"
2030,Add Generator,"HydroDam",3075753759.38,61515.08,0.0,0.0,"HydroDam",1200.00,1.000,0.00,100,100,"New Installation","Added new HydroDam power generation capacity"
2030,Add Generator,"WaveEnergy",527731916.80,131932.98,0.0,0.0,"WaveEnergy",100.00,1.050,0.00,100,20,"New Installation","Added new WaveEnergy power generation capacity"
2031,Add Generator,"UtilitySolar",606355.00,9095.33,0.0,0.0,"UtilitySolar",300.00,1.000,0.00,100,30,"New Installation","Added new UtilitySolar power generation capacity"
2031,Add Generator,"DomesticSolar",6469.90,129.40,0.0,0.0,"DomesticSolar",10.00,1.000,0.00,100,20,"New Installation","Added new DomesticSolar power generation capacity"
2031,Add Generator,"WaveEnergy",464404086.78,116101.02,0.0,0.0,"WaveEnergy",100.00,1.060,0.00,100,20,"New Installation","Added new WaveEnergy power generation capacity"
2031,Add Generator,"CoalPlant",2530638036.99,189797.85,0.0,0.0,"CoalPlant",1000.00,1.000,1000.00,100,40,"New Installation","Added new CoalPlant power generation capacity"
2031,Add Generator,"OnshoreWind",832972.00,41648.60,0.0,0.0,"OnshoreWind",500.00,1.000,0.00,100,25,"New Installation","Added new OnshoreWind power generation capacity"
2031,Add Generator,"GasCombinedCycle",1126162419.26,112616.24,0.0,0.0,"GasCombinedCycle",800.00,1.000,500.00,100,30,"New Installation","Added new GasCombinedCycle power generation capacity"
2031,Add Generator,"CoalPlant",2530638036.99,189797.85,0.0,0.0,"CoalPlant",1000.00,1.000,1000.00,100,40,"New Installation","Added new CoalPlant power generation capacity"
2031,Add Generator,"WaveEnergy",464404086.78,116101.02,0.0,0.0,"WaveEnergy",100.00,1.060,0.00,100,20,"New Installation","Added new WaveEnergy power generation capacity"
2031,Add Generator,"DomesticSolar",6469.90,129.40,0.0,0.0,"DomesticSolar",10.00,1.000,0.00,100,20,"New Installation","Added new DomesticSolar power generation capacity"
2031,Add Carbon Offset,"ActiveCapture",100000000.00,5000000.00,0.0,0.0,"Carbon Offset",0.00,0.000,0.00,100,30,"New Offset","Added new ActiveCapture carbon offset project"
2031,Add Generator,"PumpedStorage",2123040301.20,42460.81,0.0,0.0,"PumpedStorage",600.00,1.000,0.00,100,80,"New Installation","Added new PumpedStorage power generation capacity"
2031,Add Generator,"Biomass",708673904.69,106301.09,0.0,0.0,"Biomass",50.00,1.000,50.00,100,25,"New Installation","Added new Biomass power generation capacity"
2031,Add Generator,"UtilitySolar",606355.00,9095.33,0.0,0.0,"UtilitySolar",300.00,1.000,0.00,100,30,"New Installation","Added new UtilitySolar power generation capacity"
2031,Add Generator,"UtilitySolar",606355.00,9095.33,0.0,0.0,"UtilitySolar",300.00,1.000,0.00,100,30,"New Installation","Added new UtilitySolar power generation capacity"
2031,Add Generator,"PumpedStorage",2123040301.20,42460.81,0.0,0.0,"PumpedStorage",600.00,1.000,0.00,100,80,"New Installation","Added new PumpedStorage power generation capacity"
2031,Add Generator,"TidalGenerator",797161500.00,106288.20,0.0,0.0,"TidalGenerator",200.00,1.060,0.00,100,25,"New Installation","Added new TidalGenerator power generation capacity"
2033,Add Generator,"BatteryStorage",215233605.00,4304672.10,0.0,0.0,"BatteryStorage",500.00,1.000,0.00,100,15,"New Installation","Added new BatteryStorage power generation capacity"
2033,Add Generator,"OnshoreWind",783743.36,39187.17,0.0,0.0,"OnshoreWind",500.00,1.000,0.00,100,25,"New Installation","Added new OnshoreWind power generation capacity"
2033,Add Generator,"UtilitySolar",513218.87,7698.28,0.0,0.0,"UtilitySolar",300.00,1.000,0.00,100,30,"New Installation","Added new UtilitySolar power generation capacity"
2033,Add Generator,"UtilitySolar",513218.87,7698.28,0.0,0.0,"UtilitySolar",300.00,1.000,0.00,100,30,"New Installation","Added new UtilitySolar power generation capacity"
2033,Add Generator,"HydroDam",3122121131.78,62442.42,0.0,0.0,"HydroDam",1200.00,1.000,0.00,100,100,"New Installation","Added new HydroDam power generation capacity"
2033,Add Generator,"HydroDam",3122121131.78,62442.42,0.0,0.0,"HydroDam",1200.00,1.000,0.00,100,100,"New Installation","Added new HydroDam power generation capacity"
2033,Add Generator,"Nuclear",5414283528.14,270714.18,0.0,0.0,"Nuclear",1500.00,1.000,0.00,100,60,"New Installation","Added new Nuclear power generation capacity"
2033,Add Generator,"OnshoreWind",783743.36,39187.17,0.0,0.0,"OnshoreWind",500.00,1.000,0.00,100,25,"New Installation","Added new OnshoreWind power generation capacity"
2033,Add Generator,"CoalPlant",2737138100.81,205285.36,0.0,0.0,"CoalPlant",1000.00,1.000,1000.00,100,40,"New Installation","Added new CoalPlant power generation capacity"
2033,Add Generator,"OnshoreWind",783743.36,39187.17,0.0,0.0,"OnshoreWind",500.00,1.000,0.00,100,25,"New Installation","Added new OnshoreWind power generation capacity"
2033,Add Generator,"BatteryStorage",215233605.00,4304672.10,0.0,0.0,"BatteryStorage",500.00,1.000,0.00,100,15,"New Installation","Added new BatteryStorage power generation capacity"
2033,Add Generator,"OnshoreWind",783743.36,39187.17,0.0,0.0,"OnshoreWind",500.00,1.000,0.00,100,25,"New Installation","Added new OnshoreWind power generation capacity"
2033,Add Generator,"CommercialSolar",55958.18,11191.64,0.0,0.0,"CommercialSolar",50.00,1.000,0.00,100,25,"New Installation","Added new CommercialSolar power generation capacity"
2033,Add Generator,"Nuclear",5414283528.14,270714.18,0.0,0.0,"Nuclear",1500.00,1.000,0.00,100,60,"New Installation","Added new Nuclear power generation capacity"
2034,Add Generator,"Biomass",666998209.70,100049.73,0.0,0.0,"Biomass",50.00,1.000,50.00,100,25,"New Installation","Added new Biomass power generation capacity"
2034,Add Carbon Offset,"Wetland",15000000.00,750000.00,0.0,0.0,"Carbon Offset",0.00,0.000,0.00,100,30,"New Offset","Added new Wetland carbon offset project"
2034,Add Generator,"OffshoreWind",1260498.82,63024.94,0.0,0.0,"OffshoreWind",800.00,1.000,0.00,100,25,"New Installation","Added new OffshoreWind power generation capacity"
2034,Add Generator,"UtilitySolar",472161.36,7082.42,0.0,0.0,"UtilitySolar",300.00,1.000,0.00,100,30,"New Installation","Added new UtilitySolar power generation capacity"
2034,Add Generator,"TidalGenerator",581130733.50,77484.10,0.0,0.0,"TidalGenerator",200.00,1.090,0.00,100,25,"New Installation","Added new TidalGenerator power generation capacity"
2034,Add Generator,"HydroDam",3137731737.44,62754.63,0.0,0.0,"HydroDam",1200.00,1.000,0.00,100,100,"New Installation","Added new HydroDam power generation capacity"
2034,Add Generator,"TidalGenerator",581130733.50,77484.10,0.0,0.0,"TidalGenerator",200.00,1.090,0.00,100,25,"New Installation","Added new TidalGenerator power generation capacity"
2034,Add Generator,"Biomass",666998209.70,100049.73,0.0,0.0,"Biomass",50.00,1.000,50.00,100,25,"New Installation","Added new Biomass power generation capacity"
2034,Add Carbon Offset,"Wetland",15000000.00,750000.00,0.0,0.0,"Carbon Offset",0.00,0.000,0.00,100,30,"New Offset","Added new Wetland carbon offset project"
2034,Add Generator,"Biomass",666998209.70,100049.73,0.0,0.0,"Biomass",50.00,1.000,50.00,100,25,"New Installation","Added new Biomass power generation capacity"
2034,Add Generator,"OnshoreWind",760231.06,38011.55,0.0,0.0,"OnshoreWind",500.00,1.000,0.00,100,25,"New Installation","Added new OnshoreWind power generation capacity"
2034,Add Carbon Offset,"Forest",10000000.00,500000.00,0.0,0.0,"Carbon Offset",0.00,0.000,0.00,100,30,"New Offset","Added new Forest carbon offset project"
2034,Add Generator,"HydroDam",3137731737.44,62754.63,0.0,0.0,"HydroDam",1200.00,1.000,0.00,100,100,"New Installation","Added new HydroDam power generation capacity"
2034,Add Generator,"OnshoreWind",760231.06,38011.55,0.0,0.0,"OnshoreWind",500.00,1.000,0.00,100,25,"New Installation","Added new OnshoreWind power generation capacity"
2034,Add Generator,"OffshoreWind",1260498.82,63024.94,0.0,0.0,"OffshoreWind",800.00,1.000,0.00,100,25,"New Installation","Added new OffshoreWind power generation capacity"
2035,Add Generator,"UtilitySolar",434388.45,6515.83,0.0,0.0,"UtilitySolar",300.00,1.000,0.00,100,30,"New Installation","Added new UtilitySolar power generation capacity"
2035,Add Generator,"GasCombinedCycle",1218994419.99,121899.44,0.0,0.0,"GasCombinedCycle",800.00,1.000,500.00,100,30,"New Installation","Added new GasCombinedCycle power generation capacity"
2035,Add Carbon Offset,"ActiveCapture",100000000.00,5000000.00,0.0,0.0,"Carbon Offset",0.00,0.000,0.00,100,30,"New Offset","Added new ActiveCapture carbon offset project"
2035,Add Carbon Offset,"Forest",10000000.00,500000.00,0.0,0.0,"Carbon Offset",0.00,0.000,0.00,100,30,"New Offset","Added new Forest carbon offset project"
2035,Add Generator,"Biomass",653658245.51,98048.74,0.0,0.0,"Biomass",50.00,1.000,50.00,100,25,"New Installation","Added new Biomass power generation capacity"
2035,Add Generator,"Biomass",653658245.51,98048.74,0.0,0.0,"Biomass",50.00,1.000,50.00,100,25,"New Installation","Added new Biomass power generation capacity"
2035,Add Generator,"BatteryStorage",174339220.05,3486784.40,0.0,0.0,"BatteryStorage",500.00,1.000,0.00,100,15,"New Installation","Added new BatteryStorage power generation capacity"
2035,Add Generator,"TidalGenerator",523017660.15,69735.69,0.0,0.0,"TidalGenerator",200.00,1.100,0.00,100,25,"New Installation","Added new TidalGenerator power generation capacity"
2035,Add Generator,"DomesticSolar",4839.82,96.80,0.0,0.0,"DomesticSolar",10.00,1.000,0.00,100,20,"New Installation","Added new DomesticSolar power generation capacity"
2035,Add Generator,"HydroDam",3153420396.12,63068.41,0.0,0.0,"HydroDam",1200.00,1.000,0.00,100,100,"New Installation","Added new HydroDam power generation capacity"
2035,Add Carbon Offset,"CarbonCredit",5000000.00,250000.00,0.0,0.0,"Carbon Offset",0.00,0.000,0.00,100,30,"New Offset","Added new CarbonCredit carbon offset project"
2035,Add Generator,"OffshoreWind",1197473.88,59873.69,0.0,0.0,"OffshoreWind",800.00,1.000,0.00,100,25,"New Installation","Added new OffshoreWind power generation capacity"
2036,Add Generator,"OnshoreWind",715301.40,35765.07,0.0,0.0,"OnshoreWind",500.00,1.000,0.00,100,25,"New Installation","Added new OnshoreWind power generation capacity"
2036,Add Generator,"Biomass",640585080.60,96087.76,0.0,0.0,"Biomass",50.00,1.000,50.00,100,25,"New Installation","Added new Biomass power generation capacity"
2036,Add Generator,"OffshoreWind",1137600.18,56880.01,0.0,0.0,"OffshoreWind",800.00,1.000,0.00,100,25,"New Installation","Added new OffshoreWind power generation capacity"
2036,Add Generator,"HydroDam",3169187498.10,63383.75,0.0,0.0,"HydroDam",1200.00,1.000,0.00,100,100,"New Installation","Added new HydroDam power generation capacity"
2036,Add Generator,"TidalGenerator",470715894.14,62762.12,0.0,0.0,"TidalGenerator",200.00,1.110,0.00,100,25,"New Installation","Added new TidalGenerator power generation capacity"
2036,Add Generator,"TidalGenerator",470715894.14,62762.12,0.0,0.0,"TidalGenerator",200.00,1.110,0.00,100,25,"New Installation","Added new TidalGenerator power generation capacity"
2036,Add Generator,"OnshoreWind",715301.40,35765.07,0.0,0.0,"OnshoreWind",500.00,1.000,0.00,100,25,"New Installation","Added new OnshoreWind power generation capacity"
2036,Add Generator,"Biomass",640585080.60,96087.76,0.0,0.0,"Biomass",50.00,1.000,50.00,100,25,"New Installation","Added new Biomass power generation capacity"
2036,Add Generator,"GasCombinedCycle",1243374308.39,124337.43,0.0,0.0,"GasCombinedCycle",800.00,1.000,500.00,100,30,"New Installation","Added new GasCombinedCycle power generation capacity"
2036,Add Generator,"Biomass",640585080.60,96087.76,0.0,0.0,"Biomass",50.00,1.000,50.00,100,25,"New Installation","Added new Biomass power generation capacity"
2036,Add Generator,"PumpedStorage",2231336693.33,44626.73,0.0,0.0,"PumpedStorage",600.00,1.000,0.00,100,80,"New Installation","Added new PumpedStorage power generation capacity"
2037,Add Generator,"TidalGenerator",423644304.72,56485.91,0.0,0.0,"TidalGenerator",200.00,1.120,0.00,100,25,"New Installation","Added new TidalGenerator power generation capacity"
2037,Add Generator,"DomesticSolar",4185.96,83.72,0.0,0.0,"DomesticSolar",10.00,1.000,0.00,100,20,"New Installation","Added new DomesticSolar power generation capacity"
2037,Add Generator,"UtilitySolar",367666.39,5515.00,0.0,0.0,"UtilitySolar",300.00,1.000,0.00,100,30,"New Installation","Added new UtilitySolar power generation capacity"
2037,Add Generator,"BatteryStorage",141214768.24,2824295.36,0.0,0.0,"BatteryStorage",500.00,1.000,0.00,100,15,"New Installation","Added new BatteryStorage power generation capacity"
2037,Add Generator,"UtilitySolar",367666.39,5515.00,0.0,0.0,"UtilitySolar",300.00,1.000,0.00,100,30,"New Installation","Added new UtilitySolar power generation capacity"
2037,Add Generator,"CoalPlant",3202064437.14,240154.83,0.0,0.0,"CoalPlant",1000.00,1.000,1000.00,100,40,"New Installation","Added new CoalPlant power generation capacity"
2037,Add Generator,"HydroDam",3185033435.59,63700.67,0.0,0.0,"HydroDam",1200.00,1.000,0.00,100,100,"New Installation","Added new HydroDam power generation capacity"
2037,Add Generator,"OffshoreWind",1080720.18,54036.01,0.0,0.0,"OffshoreWind",800.00,1.000,0.00,100,25,"New Installation","Added new OffshoreWind power generation capacity"
2037,Add Generator,"PumpedStorage",2253650060.26,45073.00,0.0,0.0,"PumpedStorage",600.00,1.000,0.00,100,80,"New Installation","Added new PumpedStorage power generation capacity"
2037,Add Generator,"CoalPlant",3202064437.14,240154.83,0.0,0.0,"CoalPlant",1000.00,1.000,1000.00,100,40,"New Installation","Added new CoalPlant power generation capacity"
2037,Add Generator,"PumpedStorage",2253650060.26,45073.00,0.0,0.0,"PumpedStorage",600.00,1.000,0.00,100,80,"New Installation","Added new PumpedStorage power generation capacity"
2037,Add Generator,"Nuclear",5634125150.66,281706.26,0.0,0.0,"Nuclear",1500.00,1.000,0.00,100,60,"New Installation","Added new Nuclear power generation capacity"
2037,Add Generator,"UtilitySolar",367666.39,5515.00,0.0,0.0,"UtilitySolar",300.00,1.000,0.00,100,30,"New Installation","Added new UtilitySolar power generation capacity"
2037,Add Generator,"OffshoreWind",1080720.18,54036.01,0.0,0.0,"OffshoreWind",800.00,1.000,0.00,100,25,"New Installation","Added new OffshoreWind power generation capacity"
2037,Add Generator,"OffshoreWind",1080720.18,54036.01,0.0,0.0,"OffshoreWind",800.00,1.000,0.00,100,25,"New Installation","Added new OffshoreWind power generation capacity"
2038,Add Carbon Offset,"Wetland",15000000.00,750000.00,0.0,0.0,"Carbon Offset",0.00,0.000,0.00,100,30,"New Offset","Added new Wetland carbon offset project"
2038,Add Generator,"UtilitySolar",338253.08,5073.80,0.0,0.0,"UtilitySolar",300.00,1.000,0.00,100,30,"New Installation","Added new UtilitySolar power generation capacity"
2038,Add Generator,"Biomass",615217911.41,92282.69,0.0,0.0,"Biomass",50.00,1.000,50.00,100,25,"New Installation","Added new Biomass power generation capacity"
2038,Add Generator,"Biomass",615217911.41,92282.69,0.0,0.0,"Biomass",50.00,1.000,50.00,100,25,"New Installation","Added new Biomass power generation capacity"
2038,Add Generator,"GasPeaker",646803315.23,103488.53,0.0,0.0,"GasPeaker",400.00,1.000,700.00,100,25,"New Installation","Added new GasPeaker power generation capacity"
2039,Add Generator,"OnshoreWind",652836.28,32641.81,0.0,0.0,"OnshoreWind",500.00,1.000,0.00,100,25,"New Installation","Added new OnshoreWind power generation capacity"
2039,Add Generator,"GasPeaker",659739381.53,105558.30,0.0,0.0,"GasPeaker",400.00,1.000,700.00,100,25,"New Installation","Added new GasPeaker power generation capacity"
2039,Add Generator,"OffshoreWind",975349.96,48767.50,0.0,0.0,"OffshoreWind",800.00,1.000,0.00,100,25,"New Installation","Added new OffshoreWind power generation capacity"
2039,Add Generator,"BatteryStorage",114383962.27,2287679.25,0.0,0.0,"BatteryStorage",500.00,1.000,0.00,100,15,"New Installation","Added new BatteryStorage power generation capacity"
2039,Add Generator,"Nuclear",5747371066.19,287368.55,0.0,0.0,"Nuclear",1500.00,1.000,0.00,100,60,"New Installation","Added new Nuclear power generation capacity"
2039,Add Generator,"GasCombinedCycle",1319478763.06,131947.88,0.0,0.0,"GasCombinedCycle",800.00,1.000,500.00,100,30,"New Installation","Added new GasCombinedCycle power generation capacity"
2039,Add Generator,"TidalGenerator",343151886.82,45753.58,0.0,0.0,"TidalGenerator",200.00,1.140,0.00,100,25,"New Installation","Added new TidalGenerator power generation capacity"
2039,Add Generator,"OffshoreWind",975349.96,48767.50,0.0,0.0,"OffshoreWind",800.00,1.000,0.00,100,25,"New Installation","Added new OffshoreWind power generation capacity"
2039,Add Carbon Offset,"CarbonCredit",5000000.00,250000.00,0.0,0.0,"Carbon Offset",0.00,0.000,0.00,100,30,"New Offset","Added new CarbonCredit carbon offset project"
2039,Add Generator,"CommercialSolar",36204.39,7240.88,0.0,0.0,"CommercialSolar",50.00,1.000,0.00,100,25,"New Installation","Added new CommercialSolar power generation capacity"
2039,Add Generator,"OnshoreWind",652836.28,32641.81,0.0,0.0,"OnshoreWind",500.00,1.000,0.00,100,25,"New Installation","Added new OnshoreWind power generation capacity"
2039,Add Generator,"UtilitySolar",311192.83,4667.89,0.0,0.0,"UtilitySolar",300.00,1.000,0.00,100,30,"New Installation","Added new UtilitySolar power generation capacity"
2039,Add Generator,"Biomass",602913553.18,90437.03,0.0,0.0,"Biomass",50.00,1.000,50.00,100,25,"New Installation","Added new Biomass power generation capacity"
2039,Add Generator,"OffshoreWind",975349.96,48767.50,0.0,0.0,"OffshoreWind",800.00,1.000,0.00,100,25,"New Installation","Added new OffshoreWind power generation capacity"
2039,Add Generator,"BatteryStorage",114383962.27,2287679.25,0.0,0.0,"BatteryStorage",500.00,1.000,0.00,100,15,"New Installation","Added new BatteryStorage power generation capacity"
2040,Add Carbon Offset,"Wetland",15000000.00,750000.00,0.0,0.0,"Carbon Offset",0.00,0.000,0.00,100,30,"New Offset","Added new Wetland carbon offset project"
2040,Add Generator,"UtilitySolar",286297.40,4294.46,0.0,0.0,"UtilitySolar",300.00,1.000,0.00,100,30,"New Installation","Added new UtilitySolar power generation capacity"
2040,Add Generator,"OnshoreWind",633251.19,31662.56,0.0,0.0,"OnshoreWind",500.00,1.000,0.00,100,25,"New Installation","Added new OnshoreWind power generation capacity"
2040,Add Generator,"GasCombinedCycle",1345868338.32,134586.83,0.0,0.0,"GasCombinedCycle",800.00,1.000,500.00,100,30,"New Installation","Added new GasCombinedCycle power generation capacity"
2040,Add Generator,"BatteryStorage",102945566.05,2058911.32,0.0,0.0,"BatteryStorage",500.00,1.000,0.00,100,15,"New Installation","Added new BatteryStorage power generation capacity"
2040,Add Carbon Offset,"ActiveCapture",100000000.00,5000000.00,0.0,0.0,"Carbon Offset",0.00,0.000,0.00,100,30,"New Offset","Added new ActiveCapture carbon offset project"
2040,Add Carbon Offset,"ActiveCapture",100000000.00,5000000.00,0.0,0.0,"Carbon Offset",0.00,0.000,0.00,100,30,"New Offset","Added new ActiveCapture carbon offset project"
2040,Add Carbon Offset,"Forest",10000000.00,500000.00,0.0,0.0,"Carbon Offset",0.00,0.000,0.00,100,30,"New Offset","Added new Forest carbon offset project"
2040,Add Carbon Offset,"ActiveCapture",100000000.00,5000000.00,0.0,0.0,"Carbon Offset",0.00,0.000,0.00,100,30,"New Offset","Added new ActiveCapture carbon offset project"
2042,Add Generator,"PumpedStorage",2368608862.75,47372.18,0.0,0.0,"PumpedStorage",600.00,1.000,0.00,100,80,"New Installation","Added new PumpedStorage power generation capacity"
2042,Add Generator,"UtilitySolar",242322.12,3634.83,0.0,0.0,"UtilitySolar",300.00,1.000,0.00,100,30,"New Installation","Added new UtilitySolar power generation capacity"
2042,Add Generator,"BatteryStorage",83385908.50,1667718.17,0.0,0.0,"BatteryStorage",500.00,1.000,0.00,100,15,"New Installation","Added new BatteryStorage power generation capacity"
2043,Add Generator,"HydroDam",3281786818.70,65635.74,0.0,0.0,"HydroDam",1200.00,1.000,0.00,100,100,"New Installation","Added new HydroDam power generation capacity"
2043,Add Generator,"OffshoreWind",794428.64,39721.43,0.0,0.0,"OffshoreWind",800.00,1.000,0.00,100,25,"New Installation","Added new OffshoreWind power generation capacity"
2043,Add Carbon Offset,"ActiveCapture",100000000.00,5000000.00,0.0,0.0,"Carbon Offset",0.00,0.000,0.00,100,30,"New Offset","Added new ActiveCapture carbon offset project"
2043,Add Generator,"GasPeaker",714123123.79,114259.70,0.0,0.0,"GasPeaker",400.00,1.000,700.00,100,25,"New Installation","Added new GasPeaker power generation capacity"
2043,Add Generator,"OnshoreWind",577951.26,28897.56,0.0,0.0,"OnshoreWind",500.00,1.000,0.00,100,25,"New Installation","Added new OnshoreWind power generation capacity"
2043,Add Generator,"HydroDam",3281786818.70,65635.74,0.0,0.0,"HydroDam",1200.00,1.000,0.00,100,100,"New Installation","Added new HydroDam power generation capacity"
2043,Add Generator,"OnshoreWind",577951.26,28897.56,0.0,0.0,"OnshoreWind",500.00,1.000,0.00,100,25,"New Installation","Added new OnshoreWind power generation capacity"
2043,Add Carbon Offset,"Wetland",15000000.00,750000.00,0.0,0.0,"Carbon Offset",0.00,0.000,0.00,100,30,"New Offset","Added new Wetland carbon offset project"
2043,Add Generator,"WaveEnergy",100158566.17,25039.64,0.0,0.0,"WaveEnergy",100.00,1.180,0.00,100,20,"New Installation","Added new WaveEnergy power generation capacity"
2043,Add Generator,"Nuclear",5980737378.43,299036.87,0.0,0.0,"Nuclear",1500.00,1.000,0.00,100,60,"New Installation","Added new Nuclear power generation capacity"
2043,Add Generator,"GasCombinedCycle",1428246247.58,142824.62,0.0,0.0,"GasCombinedCycle",800.00,1.000,500.00,100,30,"New Installation","Added new GasCombinedCycle power generation capacity"
2043,Add Generator,"HydroDam",3281786818.70,65635.74,0.0,0.0,"HydroDam",1200.00,1.000,0.00,100,100,"New Installation","Added new HydroDam power generation capacity"
2043,Add Generator,"GasCombinedCycle",1428246247.58,142824.62,0.0,0.0,"GasCombinedCycle",800.00,1.000,500.00,100,30,"New Installation","Added new GasCombinedCycle power generation capacity"
2043,Add Generator,"OnshoreWind",577951.26,28897.56,0.0,0.0,"OnshoreWind",500.00,1.000,0.00,100,25,"New Installation","Added new OnshoreWind power generation capacity"
2043,Add Generator,"DomesticSolar",2708.28,54.17,0.0,0.0,"DomesticSolar",10.00,1.000,0.00,100,20,"New Installation","Added new DomesticSolar power generation capacity"
2043,Add Generator,"UtilitySolar",222936.35,3344.05,0.0,0.0,"UtilitySolar",300.00,1.000,0.00,100,30,"New Installation","Added new UtilitySolar power generation capacity"
2044,Add Generator,"CommercialSolar",25186.98,5037.40,0.0,0.0,"CommercialSolar",50.00,1.000,0.00,100,25,"New Installation","Added new CommercialSolar power generation capacity"
2044,Add Generator,"CoalPlant",4213698351.99,316027.38,0.0,0.0,"CoalPlant",1000.00,1.000,1000.00,100,40,"New Installation","Added new CoalPlant power generation capacity"
2044,Add Generator,"OffshoreWind",754707.21,37735.36,0.0,0.0,"OffshoreWind",800.00,1.000,0.00,100,25,"New Installation","Added new OffshoreWind power generation capacity"
2044,Add Generator,"BatteryStorage",67542585.88,1350851.72,0.0,0.0,"BatteryStorage",500.00,1.000,0.00,100,15,"New Installation","Added new BatteryStorage power generation capacity"
2044,Add Generator,"UtilitySolar",205101.44,3076.52,0.0,0.0,"UtilitySolar",300.00,1.000,0.00,100,30,"New Installation","Added new UtilitySolar power generation capacity"
2044,Add Generator,"HydroDam",3298195752.80,65963.92,0.0,0.0,"HydroDam",1200.00,1.000,0.00,100,100,"New Installation","Added new HydroDam power generation capacity"
2044,Add Generator,"OnshoreWind",560612.72,28030.64,0.0,0.0,"OnshoreWind",500.00,1.000,0.00,100,25,"New Installation","Added new OnshoreWind power generation capacity"
2044,Add Generator,"OffshoreWind",754707.21,37735.36,0.0,0.0,"OffshoreWind",800.00,1.000,0.00,100,25,"New Installation","Added new OffshoreWind power generation capacity"
2044,Add Generator,"BatteryStorage",67542585.88,1350851.72,0.0,0.0,"BatteryStorage",500.00,1.000,0.00,100,15,"New Installation","Added new BatteryStorage power generation capacity"
2045,Add Generator,"PumpedStorage",2440380079.90,48807.60,0.0,0.0,"PumpedStorage",600.00,1.000,0.00,100,80,"New Installation","Added new PumpedStorage power generation capacity"
2045,Add Generator,"DomesticSolar",2342.39,46.85,0.0,0.0,"DomesticSolar",10.00,1.000,0.00,100,20,"New Installation","Added new DomesticSolar power generation capacity"
2045,Add Generator,"WaveEnergy",77562793.64,19390.70,0.0,0.0,"WaveEnergy",100.00,1.200,0.00,100,20,"New Installation","Added new WaveEnergy power generation capacity"
2046,Add Generator,"TidalGenerator",164128483.70,21883.80,0.0,0.0,"TidalGenerator",200.00,1.210,0.00,100,25,"New Installation","Added new TidalGenerator power generation capacity"
2046,Add Generator,"PumpedStorage",2464783880.69,49295.68,0.0,0.0,"PumpedStorage",600.00,1.000,0.00,100,80,"New Installation","Added new PumpedStorage power generation capacity"
2046,Add Generator,"WaveEnergy",68255258.40,17063.81,0.0,0.0,"WaveEnergy",100.00,1.210,0.00,100,20,"New Installation","Added new WaveEnergy power generation capacity"
2047,Add Generator,"Nuclear",6223579298.75,311178.96,0.0,0.0,"Nuclear",1500.00,1.000,0.00,100,60,"New Installation","Added new Nuclear power generation capacity"
2047,Add Generator,"Biomass",512936556.86,76940.48,0.0,0.0,"Biomass",50.00,1.000,50.00,100,25,"New Installation","Added new Biomass power generation capacity"
2047,Add Generator,"OnshoreWind",511656.10,25582.80,0.0,0.0,"OnshoreWind",500.00,1.000,0.00,100,25,"New Installation","Added new OnshoreWind power generation capacity"
2047,Add Generator,"UtilitySolar",159710.03,2395.65,0.0,0.0,"UtilitySolar",300.00,1.000,0.00,100,30,"New Installation","Added new UtilitySolar power generation capacity"
2047,Add Generator,"BatteryStorage",49238545.11,984770.90,0.0,0.0,"BatteryStorage",500.00,1.000,0.00,100,15,"New Installation","Added new BatteryStorage power generation capacity"
2047,Add Generator,"TidalGenerator",147715635.33,19695.42,0.0,0.0,"TidalGenerator",200.00,1.220,0.00,100,25,"New Installation","Added new TidalGenerator power generation capacity"
2047,Add Generator,"CommercialSolar",20259.32,4051.86,0.0,0.0,"CommercialSolar",50.00,1.000,0.00,100,25,"New Installation","Added new CommercialSolar power generation capacity"
2047,Add Generator,"BatteryStorage",49238545.11,984770.90,0.0,0.0,"BatteryStorage",500.00,1.000,0.00,100,15,"New Installation","Added new BatteryStorage power generation capacity"
2047,Add Generator,"PumpedStorage",2489431719.50,49788.63,0.0,0.0,"PumpedStorage",600.00,1.000,0.00,100,80,"New Installation","Added new PumpedStorage power generation capacity"
2047,Add Generator,"WaveEnergy",60064627.39,15016.16,0.0,0.0,"WaveEnergy",100.00,1.220,0.00,100,20,"New Installation","Added new WaveEnergy power generation capacity"
2047,Add Generator,"GasCombinedCycle",1545979670.78,154597.97,0.0,0.0,"GasCombinedCycle",800.00,1.000,500.00,100,30,"New Installation","Added new GasCombinedCycle power generation capacity"
2047,Add Generator,"WaveEnergy",60064627.39,15016.16,0.0,0.0,"WaveEnergy",100.00,1.220,0.00,100,20,"New Installation","Added new WaveEnergy power generation capacity"
2047,Add Generator,"PumpedStorage",2489431719.50,49788.63,0.0,0.0,"PumpedStorage",600.00,1.000,0.00,100,80,"New Installation","Added new PumpedStorage power generation capacity"
2047,Add Generator,"GasCombinedCycle",1545979670.78,154597.97,0.0,0.0,"GasCombinedCycle",800.00,1.000,500.00,100,30,"New Installation","Added new GasCombinedCycle power generation capacity"
2047,Add Generator,"HydroDam",3347916466.04,66958.33,0.0,0.0,"HydroDam",1200.00,1.000,0.00,100,100,"New Installation","Added new HydroDam power generation capacity"
2047,Add Generator,"BatteryStorage",49238545.11,984770.90,0.0,0.0,"BatteryStorage",500.00,1.000,0.00,100,15,"New Installation","Added new BatteryStorage power generation capacity"
2047,Add Generator,"TidalGenerator",147715635.33,19695.42,0.0,0.0,"TidalGenerator",200.00,1.220,0.00,100,25,"New Installation","Added new TidalGenerator power generation capacity"
2048,Add Generator,"Nuclear",6285815091.74,314290.75,0.0,0.0,"Nuclear",1500.00,1.000,0.00,100,60,"New Installation","Added new Nuclear power generation capacity"
2048,Add Generator,"UtilitySolar",146933.23,2204.00,0.0,0.0,"UtilitySolar",300.00,1.000,0.00,100,30,"New Installation","Added new UtilitySolar power generation capacity"
2048,Add Generator,"OffshoreWind",614713.74,30735.69,0.0,0.0,"OffshoreWind",800.00,1.000,0.00,100,25,"New Installation","Added new OffshoreWind power generation capacity"
2048,Add Generator,"GasPeaker",788449632.10,126151.94,0.0,0.0,"GasPeaker",400.00,1.000,700.00,100,25,"New Installation","Added new GasPeaker power generation capacity"
2048,Add Generator,"OffshoreWind",614713.74,30735.69,0.0,0.0,"OffshoreWind",800.00,1.000,0.00,100,25,"New Installation","Added new OffshoreWind power generation capacity"
2048,Add Generator,"TidalGenerator",132944071.79,17725.88,0.0,0.0,"TidalGenerator",200.00,1.230,0.00,100,25,"New Installation","Added new TidalGenerator power generation capacity"
2048,Add Generator,"UtilitySolar",146933.23,2204.00,0.0,0.0,"UtilitySolar",300.00,1.000,0.00,100,30,"New Installation","Added new UtilitySolar power generation capacity"
2048,Add Generator,"Biomass",502677825.72,75401.67,0.0,0.0,"Biomass",50.00,1.000,50.00,100,25,"New Installation","Added new Biomass power generation capacity"
2048,Add Generator,"BatteryStorage",44314690.60,886293.81,0.0,0.0,"BatteryStorage",500.00,1.000,0.00,100,15,"New Installation","Added new BatteryStorage power generation capacity"
2048,Add Generator,"GasCombinedCycle",1576899264.19,157689.93,0.0,0.0,"GasCombinedCycle",800.00,1.000,500.00,100,30,"New Installation","Added new GasCombinedCycle power generation capacity"
2048,Add Generator,"WaveEnergy",52856872.11,13214.22,0.0,0.0,"WaveEnergy",100.00,1.230,0.00,100,20,"New Installation","Added new WaveEnergy power generation capacity"
2048,Add Generator,"GasCombinedCycle",1576899264.19,157689.93,0.0,0.0,"GasCombinedCycle",800.00,1.000,500.00,100,30,"New Installation","Added new GasCombinedCycle power generation capacity"
2049,Add Generator,"PumpedStorage",2539469297.06,50789.39,0.0,0.0,"PumpedStorage",600.00,1.000,0.00,100,80,"New Installation","Added new PumpedStorage power generation capacity"
2049,Add Carbon Offset,"CarbonCredit",5000000.00,250000.00,0.0,0.0,"Carbon Offset",0.00,0.000,0.00,100,30,"New Offset","Added new CarbonCredit carbon offset project"
2050,Add Carbon Offset,"Forest",10000000.00,500000.00,0.0,0.0,"Carbon Offset",0.00,0.000,0.00,100,30,"New Offset","Added new Forest carbon offset project"
